Date,QQQ
1/3/2007,43.24001
1/4/2007,44.06
1/5/2007,43.85001
1/8/2007,43.88
1/9/2007,44.10001
1/10/2007,44.62
1/11/2007,45.08
1/12/2007,45.31
1/16/2007,45.28
1/17/2007,44.91
1/18/2007,44.08
1/19/2007,44.17
1/22/2007,43.69
1/23/2007,43.58
1/24/2007,44.3
1/25/2007,43.73
1/26/2007,43.57001
1/29/2007,43.61
1/30/2007,43.63
1/31/2007,44.07001
2/1/2007,44.02
2/2/2007,44.16
2/5/2007,44.12
2/6/2007,44.05
2/7/2007,44.46001
2/8/2007,44.45
2/9/2007,43.84
2/12/2007,43.7
2/13/2007,43.86
2/14/2007,44.60001
2/15/2007,44.86
2/16/2007,44.71001
2/20/2007,45.05
2/21/2007,45.19
2/22/2007,45.42
2/23/2007,45.25999
2/26/2007,45.03999
2/27/2007,43.19
2/28/2007,43.33
3/1/2007,43.13
3/2/2007,42.48
3/5/2007,42.14999
3/6/2007,42.85001
3/7/2007,42.67999
3/8/2007,42.97
3/9/2007,42.92999
3/12/2007,43.21001
3/13/2007,42.37
3/14/2007,42.99001
3/15/2007,42.89
3/16/2007,42.83
3/19/2007,43.27
3/20/2007,43.58
3/21/2007,44.42
3/22/2007,44.25999
3/23/2007,44.12
3/26/2007,44.3
3/27/2007,43.99001
3/28/2007,43.52
3/29/2007,43.57001
3/30/2007,43.53
4/2/2007,43.59
4/3/2007,44.16
4/4/2007,44.34
4/5/2007,44.56
4/9/2007,44.45
4/10/2007,44.67999
4/11/2007,44.21001
4/12/2007,44.56
4/13/2007,44.64999
4/16/2007,45.06
4/17/2007,45.16
4/18/2007,45.00999
4/19/2007,45.14999
4/20/2007,45.39999
4/23/2007,45.47
4/24/2007,45.7
4/25/2007,46.31
4/26/2007,46.55
4/27/2007,46.57001
4/30/2007,45.96001
5/1/2007,46.11
5/2/2007,46.42
5/3/2007,46.59
5/4/2007,46.63
5/7/2007,46.63
5/8/2007,46.73
5/9/2007,46.83
5/10/2007,46.19
5/11/2007,46.78
5/14/2007,46.46001
5/15/2007,46.10001
5/16/2007,46.55
5/17/2007,46.33
5/18/2007,46.71001
5/21/2007,47.00999
5/22/2007,47.05
5/23/2007,46.83
5/24/2007,46.16
5/25/2007,46.45
5/29/2007,46.81
5/30/2007,47.19
5/31/2007,47.41
6/1/2007,47.44
6/4/2007,47.58009
6/5/2007,47.58
6/6/2007,47.07001
6/7/2007,46.3399
6/8/2007,46.91
6/11/2007,46.82001
6/12/2007,46.53999
6/13/2007,47.05
6/14/2007,47.36
6/15/2007,47.73
6/18/2007,47.77
6/19/2007,47.75999
6/20/2007,47.31
6/21/2007,47.74001
6/22/2007,47.28999
6/25/2007,47.09
6/26/2007,46.82001
6/27/2007,47.53999
6/28/2007,47.52
6/29/2007,47.60001
7/2/2007,48.00999
7/3/2007,48.31
7/5/2007,48.66
7/6/2007,48.86
7/9/2007,48.89
7/10/2007,48.48
7/11/2007,48.81
7/12/2007,49.56
7/13/2007,49.89999
7/16/2007,49.85001
7/17/2007,50.23
7/18/2007,50.17
7/19/2007,50.32001
7/20/2007,50.05
7/23/2007,50.07001
7/24/2007,49.33
7/25/2007,49.39999
7/26/2007,48.98
7/27/2007,47.99001
7/30/2007,48.55
7/31/2007,47.53
8/1/2007,47.89999
8/2/2007,48.34
8/3/2007,47.42
8/6/2007,47.97
8/7/2007,48.31
8/8/2007,48.84
8/9/2007,47.71001
8/10/2007,47.28
8/13/2007,47.60001
8/14/2007,46.78999
8/15/2007,45.89999
8/16/2007,45.45
8/17/2007,46.31
8/20/2007,46.53
8/21/2007,47.02
8/22/2007,47.66
8/23/2007,47.53
8/24/2007,48.2
8/27/2007,47.88
8/28/2007,46.74001
8/29/2007,48.08
8/30/2007,48.33
8/31/2007,48.87
9/4/2007,49.67999
9/5/2007,49.17999
9/6/2007,49.14
9/7/2007,48.23
9/10/2007,48.2
9/11/2007,48.92999
9/12/2007,48.94
9/13/2007,49.17999
9/14/2007,49.22
9/17/2007,48.81
9/18/2007,50.03999
9/19/2007,50.17
9/20/2007,50.03
9/21/2007,50.36
9/24/2007,50.59
9/25/2007,51.07001
9/26/2007,51.32001
9/27/2007,51.58
9/28/2007,51.41
10/1/2007,52
10/2/2007,52.00999
10/3/2007,51.64999
10/4/2007,51.77
10/5/2007,52.81799
10/8/2007,53.14999
10/9/2007,53.3801
10/10/2007,53.50999
10/11/2007,52.66
10/12/2007,53.53
10/15/2007,53.12
10/16/2007,52.87
10/17/2007,53.55
10/18/2007,53.78
10/19/2007,52.44
10/22/2007,53.07001
10/23/2007,54.17999
10/24/2007,53.77
10/25/2007,53.05
10/26/2007,53.92999
10/29/2007,54.16
10/30/2007,54.25999
10/31/2007,55.03
11/1/2007,54
11/2/2007,54.42
11/5/2007,54.07001
11/6/2007,54.67999
11/7/2007,53.35001
11/8/2007,51.73
11/9/2007,50
11/12/2007,48.73
11/13/2007,50.74001
11/14/2007,50.09
11/15/2007,49.82001
11/16/2007,50.28
11/19/2007,49.7
11/20/2007,49.89999
11/21/2007,49.31
11/23/2007,49.84
11/26/2007,48.98
11/27/2007,49.96001
11/28/2007,51.48
11/29/2007,51.7
11/30/2007,51.31
12/3/2007,50.88
12/4/2007,50.67
12/5/2007,51.57001
12/6/2007,52.32001
12/7/2007,52.33
12/10/2007,52.53999
12/11/2007,51.32001
12/12/2007,51.78
12/13/2007,51.5
12/14/2007,50.97
12/17/2007,49.73
12/18/2007,49.89
12/19/2007,49.88
12/20/2007,50.89999
12/21/2007,51.85001
12/24/2007,52.24001
12/26/2007,52.5
12/27/2007,51.92999
12/28/2007,51.86
12/31/2007,51.22
1/2/2008,50.45
1/3/2008,50.62
1/4/2008,48.39999
1/7/2008,48.17
1/8/2008,46.92
1/9/2008,47.92
1/10/2008,47.99001
1/11/2008,47.05
1/14/2008,47.87
1/15/2008,46.55
1/16/2008,46.05
1/17/2008,45.41
1/18/2008,45.35001
1/22/2008,44.17999
1/23/2008,44.02
1/24/2008,44.91
1/25/2008,43.99001
1/28/2008,44.33
1/29/2008,44.41
1/30/2008,44.37
1/31/2008,45.13
2/1/2008,45.5899
2/4/2008,44.95
2/5/2008,43.66991
2/6/2008,42.81
2/7/2008,43.11
2/8/2008,43.60001
2/11/2008,44.07001
2/12/2008,43.82001
2/13/2008,44.78
2/14/2008,43.97
2/15/2008,43.82001
2/19/2008,43.74001
2/20/2008,43.94
2/21/2008,43.52
2/22/2008,43.67999
2/25/2008,43.89999
2/26/2008,44.07001
2/27/2008,44.28999
2/28/2008,44.12
2/29/2008,42.95
3/3/2008,42.67
3/4/2008,42.91
3/5/2008,43.1199
3/6/2008,42.17
3/7/2008,42.07001
3/10/2008,41.25999
3/11/2008,42.83009
3/12/2008,42.71001
3/13/2008,43.03999
3/14/2008,42.25
3/17/2008,41.48
3/18/2008,43.33
3/19/2008,42.25999
3/20/2008,43.09
3/24/2008,44.5799
3/25/2008,44.83
3/26/2008,44.7
3/27/2008,43.71001
3/28/2008,43.49001
3/31/2008,43.72
4/1/2008,45.59
4/2/2008,45.49001
4/3/2008,45.59
4/4/2008,45.86
4/7/2008,45.75999
4/8/2008,45.41
4/9/2008,44.89999
4/10/2008,45.53999
4/11/2008,44.28
4/14/2008,44.08
4/15/2008,44.14
4/16/2008,45.37
4/17/2008,45.27
4/18/2008,46.71001
4/21/2008,47.03999
4/22/2008,46.34
4/23/2008,46.85001
4/24/2008,47.27
4/25/2008,47.14999
4/28/2008,47.24001
4/29/2008,47.60001
4/30/2008,47.21001
5/1/2008,48.7
5/2/2008,48.77
5/5/2008,48.63
5/6/2008,48.92999
5/7/2008,48.03999
5/8/2008,48.39999
5/9/2008,48.21001
5/12/2008,49.09
5/13/2008,49.22
5/14/2008,49.11
5/15/2008,49.97
5/16/2008,50.0099
5/19/2008,49.64999
5/20/2008,49.27
5/21/2008,48.17999
5/22/2008,48.35001
5/23/2008,48.2
5/27/2008,49.05
5/28/2008,49.25
5/29/2008,49.69
5/30/2008,50.00999
6/2/2008,49.39999
6/3/2008,49.13
6/4/2008,49.75999
6/5/2008,50.55
6/6/2008,49.03
6/9/2008,48.77
6/10/2008,48.53999
6/11/2008,47.38
6/12/2008,47.42
6/13/2008,48.37
6/16/2008,48.8
6/17/2008,48.53999
6/18/2008,48.02
6/19/2008,48.77
6/20/2008,47.42
6/23/2008,47.05
6/24/2008,46.81
6/25/2008,47.57001
6/26/2008,45.64999
6/27/2008,45.64999
6/30/2008,45.17
7/1/2008,45.81
7/2/2008,44.71001
7/3/2008,44.63
7/7/2008,44.89999
7/8/2008,45.97
7/9/2008,44.75
7/10/2008,45.28
7/11/2008,44.56
7/14/2008,44.23
7/15/2008,44.24001
7/16/2008,45.34
7/17/2008,45.64
7/18/2008,44.59
7/21/2008,44.78
7/22/2008,44.78
7/23/2008,45.37
7/24/2008,44.69
7/25/2008,45.27
7/28/2008,44.42
7/29/2008,45.34
7/30/2008,45.57001
7/31/2008,45.46001
8/1/2008,44.88
8/4/2008,44.42999
8/5/2008,45.92999
8/6/2008,46.63
8/7/2008,46.27
8/8/2008,47.32001
8/11/2008,47.75
8/12/2008,47.8
8/13/2008,47.7
8/14/2008,48.25
8/15/2008,48.16
8/18/2008,47.60001
8/19/2008,47.00999
8/20/2008,47.09
8/21/2008,46.87
8/22/2008,47.49001
8/25/2008,46.49001
8/26/2008,46.42999
8/27/2008,46.73
8/28/2008,47.11
8/29/2008,46.12
9/2/2008,45.55
9/3/2008,45.12
9/4/2008,43.66
9/5/2008,43.45
9/8/2008,43.31
9/9/2008,42.45
9/10/2008,42.8
9/11/2008,43.60001
9/12/2008,43.42999
9/15/2008,42.08
9/16/2008,42.41
9/17/2008,40.21001
9/18/2008,41.57001
9/19/2008,42.89999
9/22/2008,40.88
9/23/2008,40.57001
9/24/2008,40.85001
9/25/2008,41.5
9/26/2008,41.08
9/29/2008,37.82001
9/30/2008,38.91
10/1/2008,38.5
10/2/2008,36.75
10/3/2008,36.17999
10/6/2008,34.86
10/7/2008,32.64999
10/8/2008,32.39
10/9/2008,31.52
10/10/2008,31.32001
10/13/2008,35.13
10/14/2008,33.61
10/15/2008,30.60001
10/16/2008,32.25999
10/17/2008,32.3
10/20/2008,33.2
10/21/2008,31.48
10/22/2008,30.61
10/23/2008,30.49001
10/24/2008,29.50999
10/27/2008,28.69
10/28/2008,31.86
10/29/2008,31.78
10/30/2008,32.84
10/31/2008,32.89
11/3/2008,32.82001
11/4/2008,33.75
11/5/2008,31.99001
11/6/2008,30.56
11/7/2008,31.19
11/10/2008,30.77
11/11/2008,30.10001
11/12/2008,28.71001
11/13/2008,30.46001
11/14/2008,28.98
11/17/2008,28.37
11/18/2008,28.34
11/19/2008,26.86
11/20/2008,25.56
11/21/2008,26.67
11/24/2008,28.3
11/25/2008,28.17
11/26/2008,29.35001
11/28/2008,29.12
12/1/2008,26.92999
12/2/2008,27.83
12/3/2008,28.62
12/4/2008,27.81
12/5/2008,28.94
12/8/2008,30.08
12/9/2008,30.00999
12/10/2008,29.91
12/11/2008,29.09
12/12/2008,29.67999
12/15/2008,29.16
12/16/2008,30.56
12/17/2008,30.19
12/18/2008,29.66
12/19/2008,29.86
12/22/2008,29.21001
12/23/2008,29.06
12/24/2008,29.14
12/26/2008,29.13
12/29/2008,28.89
12/30/2008,29.49001
12/31/2008,29.74001
1/2/2009,31.03
1/5/2009,31.02
1/6/2009,31.33
1/7/2009,30.44
1/8/2009,30.75999
1/9/2009,30.07001
1/12/2009,29.52
1/13/2009,29.53
1/14/2009,28.63
1/15/2009,29.099
1/16/2009,29.42
1/20/2009,27.96001
1/21/2009,29.14999
1/22/2009,28.75999
1/23/2009,28.89999
1/26/2009,29.11
1/27/2009,29.32001
1/28/2009,30.35001
1/29/2009,29.58
1/30/2009,29.06
2/2/2009,29.41
2/3/2009,29.87
2/4/2009,29.91
2/5/2009,30.57001
2/6/2009,31.37
2/9/2009,31.5
2/10/2009,30.34
2/11/2009,30.2
2/12/2009,30.57001
2/13/2009,30.42999
2/17/2009,29.22
2/18/2009,29.24001
2/19/2009,28.78999
2/20/2009,28.87
2/23/2009,27.86
2/24/2009,28.78
2/25/2009,28.59
2/26/2009,27.78999
2/27/2009,27.53
3/2/2009,26.64
3/3/2009,26.62
3/4/2009,27.33
3/5/2009,26.50999
3/6/2009,26.3
3/9/2009,25.74001
3/10/2009,27.33
3/11/2009,27.75
3/12/2009,28.67
3/13/2009,28.74001
3/16/2009,28.25999
3/17/2009,29.33
3/18/2009,29.7
3/19/2009,29.67999
3/20/2009,29.17999
3/23/2009,30.89999
3/24/2009,30.33099
3/25/2009,30.47
3/26/2009,31.41
3/27/2009,30.82001
3/30/2009,30.06
3/31/2009,30.32001
4/1/2009,30.77
4/2/2009,31.75999
4/3/2009,32.35001
4/6/2009,32.27
4/7/2009,31.42
4/8/2009,31.95
4/9/2009,32.94
4/13/2009,32.89
4/14/2009,32.49001
4/15/2009,32.39999
4/16/2009,33.24001
4/17/2009,33.31
4/20/2009,32.24001
4/21/2009,32.69
4/22/2009,32.78999
4/23/2009,33.11
4/24/2009,33.69
4/27/2009,33.73
4/28/2009,33.48
4/29/2009,33.94
4/30/2009,34.28
5/1/2009,34.37
5/4/2009,35.05
5/5/2009,35.02
5/6/2009,35.03
5/7/2009,34.21001
5/8/2009,34.23
5/11/2009,34.35001
5/12/2009,33.92999
5/13/2009,33.02
5/14/2009,33.39
5/15/2009,33.37
5/18/2009,34.24001
5/19/2009,34.39999
5/20/2009,34.28
5/21/2009,33.64999
5/22/2009,33.53999
5/26/2009,34.78999
5/27/2009,34.55
5/28/2009,34.95
5/29/2009,35.38
6/1/2009,36.39
6/2/2009,36.44
6/3/2009,36.33
6/4/2009,36.74001
6/5/2009,36.78
6/8/2009,36.67
6/9/2009,36.95
6/10/2009,36.82001
6/11/2009,36.82001
6/12/2009,36.64999
6/15/2009,35.89999
6/16/2009,35.55
6/17/2009,35.88901
6/18/2009,35.82001
6/19/2009,36.16
6/22/2009,35.08
6/23/2009,35
6/24/2009,35.59
6/25/2009,36.28999
6/26/2009,36.37
6/29/2009,36.45
6/30/2009,36.38
7/1/2009,36.39999
7/2/2009,35.60001
7/6/2009,35.41
7/7/2009,34.53
7/8/2009,34.71001
7/9/2009,34.77
7/10/2009,34.92
7/13/2009,35.59
7/14/2009,35.72
7/15/2009,36.92
7/16/2009,37.36
7/17/2009,37.56
7/20/2009,37.92
7/21/2009,38.17999
7/22/2009,38.5
7/23/2009,39.35001
7/24/2009,39.05
7/27/2009,39.35001
7/28/2009,39.08
7/29/2009,39.34
7/30/2009,39.57001
7/31/2009,39.45
8/3/2009,40.03999
8/4/2009,40.03999
8/5/2009,39.73
8/6/2009,39.38
8/7/2009,39.88
8/10/2009,39.60001
8/11/2009,39.25999
8/12/2009,39.87
8/13/2009,40.09
8/14/2009,39.63
8/17/2009,38.48
8/18/2009,39.03
8/19/2009,39.3
8/20/2009,39.75999
8/21/2009,40.28999
8/24/2009,40.25
8/25/2009,40.37
8/26/2009,40.3
8/27/2009,40.39999
8/28/2009,40.44
8/31/2009,40.03
9/1/2009,39.28
9/2/2009,39.25
9/3/2009,39.50999
9/4/2009,40.36
9/8/2009,40.74001
9/9/2009,41.09
9/10/2009,41.48
9/11/2009,41.52
9/14/2009,41.67999
9/15/2009,41.81
9/16/2009,42.42
9/17/2009,42.41
9/18/2009,42.44
9/21/2009,42.57001
9/22/2009,42.64999
9/23/2009,42.45
9/24/2009,42.07001
9/25/2009,41.7
9/28/2009,42.41
9/29/2009,42.22
9/30/2009,42.25
10/1/2009,41
10/2/2009,40.88
10/5/2009,41.21001
10/6/2009,41.94
10/7/2009,42.06
10/8/2009,42.24001
10/9/2009,42.48
10/12/2009,42.57001
10/13/2009,42.58
10/14/2009,43.16
10/15/2009,43.06
10/16/2009,42.78
10/19/2009,43.21001
10/20/2009,43.22
10/21/2009,43.14
10/22/2009,43.31
10/23/2009,43.13
10/26/2009,42.99001
10/27/2009,42.34
10/28/2009,41.39
10/29/2009,42.09
10/30/2009,40.96001
11/2/2009,41.13
11/3/2009,41.25999
11/4/2009,41.33
11/5/2009,42.35001
11/6/2009,42.60001
11/9/2009,43.50999
11/10/2009,43.62
11/11/2009,43.89999
11/12/2009,43.64999
11/13/2009,44.00999
11/16/2009,44.46001
11/17/2009,44.60001
11/18/2009,44.353
11/19/2009,43.66
11/20/2009,43.44
11/23/2009,44.14
11/24/2009,43.99001
11/25/2009,44.17999
11/27/2009,43.50999
11/30/2009,43.56
12/1/2009,44.00999
12/2/2009,44.07001
12/3/2009,43.89
12/4/2009,44.12
12/7/2009,43.91
12/8/2009,43.642
12/9/2009,44.08
12/10/2009,44.3
12/11/2009,44.13
12/14/2009,44.55
12/15/2009,44.3
12/16/2009,44.36
12/17/2009,43.82001
12/18/2009,44.46001
12/21/2009,44.96001
12/22/2009,45.23
12/23/2009,45.56
12/24/2009,45.98
12/28/2009,46.22
12/29/2009,46.03
12/30/2009,46.17
12/31/2009,45.75
1/4/2010,46.42
1/5/2010,46.42
1/6/2010,46.14
1/7/2010,46.17
1/8/2010,46.55
1/11/2010,46.36
1/12/2010,45.78
1/13/2010,46.35001
1/14/2010,46.39
1/15/2010,45.85001
1/19/2010,46.59
1/20/2010,45.92
1/21/2010,45.49001
1/22/2010,44.16
1/25/2010,44.31
1/26/2010,44.35001
1/27/2010,44.7
1/28/2010,43.55
1/29/2010,42.78999
2/1/2010,43.25999
2/2/2010,43.64999
2/3/2010,43.89
2/4/2010,42.62
2/5/2010,42.98
2/8/2010,42.67
2/9/2010,43.11
2/10/2010,43.02
2/11/2010,43.67
2/12/2010,43.75999
2/16/2010,44.32001
2/17/2010,44.57001
2/18/2010,44.85001
2/19/2010,44.83
2/22/2010,44.74001
2/23/2010,44.16
2/24/2010,44.61
2/25/2010,44.60001
2/26/2010,44.75999
3/1/2010,45.41
3/2/2010,45.55
3/3/2010,45.60001
3/4/2010,45.75
3/5/2010,46.44
3/8/2010,46.53
3/9/2010,46.78999
3/10/2010,47.17
3/11/2010,47.35001
3/12/2010,47.36
3/15/2010,47.24001
3/16/2010,47.53999
3/17/2010,47.67
3/18/2010,47.83
3/19/2010,47.49001
3/22/2010,47.92
3/23/2010,48.2525
3/24/2010,48.02
3/25/2010,47.95
3/26/2010,48
3/29/2010,48.23
3/30/2010,48.39
3/31/2010,48.16
4/1/2010,48.16
4/5/2010,48.61
4/6/2010,48.75
4/7/2010,48.63
4/8/2010,48.74001
4/9/2010,49.03
4/12/2010,49.07001
4/13/2010,49.32001
4/14/2010,49.91
4/15/2010,50.13
4/16/2010,49.53
4/19/2010,49.5
4/20/2010,49.75
4/21/2010,50.03
4/22/2010,50.31
4/23/2010,50.52
4/26/2010,50.41
4/27/2010,49.34
4/28/2010,49.37
4/29/2010,50.23
4/30/2010,49.2375
5/3/2010,49.92999
5/4/2010,48.42999
5/5/2010,48.17999
5/6/2010,46.57001
5/7/2010,45.41
5/10/2010,47.77
5/11/2010,47.72
5/12/2010,48.62
5/13/2010,47.85001
5/14/2010,46.92999
5/17/2010,47.08
5/18/2010,46.42999
5/19/2010,46.06
5/20/2010,44.35001
5/21/2010,44.84
5/24/2010,44.66
5/25/2010,44.7
5/26/2010,44.2
5/27/2010,45.87
5/28/2010,45.60001
6/1/2010,45.17999
6/2/2010,46.25
6/3/2010,46.69
6/4/2010,45.0925
6/7/2010,44.27
6/8/2010,44.19
6/9/2010,43.82001
6/10/2010,45.07001
6/11/2010,45.5
6/14/2010,45.49001
6/15/2010,46.71001
6/16/2010,46.89999
6/17/2010,47.05
6/18/2010,47
6/21/2010,46.60001
6/22/2010,46.24001
6/23/2010,46.05
6/24/2010,45.35001
6/25/2010,45.27
6/28/2010,45.11
6/29/2010,43.37
6/30/2010,42.71001
7/1/2010,42.59
7/2/2010,42.47
7/6/2010,42.60001
7/7/2010,43.96001
7/8/2010,44.2
7/9/2010,44.62
7/12/2010,44.75
7/13/2010,45.33
7/14/2010,45.56
7/15/2010,45.60001
7/16/2010,44.34
7/19/2010,44.72
7/20/2010,45.25999
7/21/2010,44.64
7/22/2010,45.77
7/23/2010,46.06
7/26/2010,46.44
7/27/2010,46.42
7/28/2010,46.05
7/29/2010,45.71001
7/30/2010,45.81
8/2/2010,46.67
8/3/2010,46.47
8/4/2010,46.938
8/5/2010,46.83
8/6/2010,46.75999
8/9/2010,47.08
8/10/2010,46.6725
8/11/2010,45.39999
8/12/2010,45.03999
8/13/2010,44.72
8/16/2010,44.8
8/17/2010,45.37199
8/18/2010,45.55
8/19/2010,44.86
8/20/2010,44.92
8/23/2010,44.48
8/24/2010,43.64999
8/25/2010,44.07001
8/26/2010,43.53999
8/27/2010,44.07001
8/30/2010,43.61
8/31/2010,43.46001
9/1/2010,44.75999
9/2/2010,45.25999
9/3/2010,46.00999
9/7/2010,45.7
9/8/2010,46.25
9/9/2010,46.42999
9/10/2010,46.60001
9/13/2010,47.25
9/14/2010,47.45
9/15/2010,47.75
9/16/2010,47.94
9/17/2010,47.995
9/20/2010,48.8299
9/21/2010,48.82001
9/22/2010,48.69
9/23/2010,48.67
9/24/2010,49.66
9/27/2010,49.39
9/28/2010,49.37
9/29/2010,49.28999
9/30/2010,49.07001
10/1/2010,49.00999
10/4/2010,48.48
10/5/2010,49.66
10/6/2010,49.23
10/7/2010,49.41
10/8/2010,49.75
10/11/2010,49.77
10/12/2010,50.11
10/13/2010,50.52
10/14/2010,50.42
10/15/2010,51.49001
10/18/2010,51.3
10/19/2010,50.82001
10/20/2010,51.19
10/21/2010,51.28999
10/22/2010,51.64
10/25/2010,51.89
10/26/2010,52.03
10/27/2010,52.19
10/28/2010,52.3
10/29/2010,52.17999
11/1/2010,52.22
11/2/2010,52.78
11/3/2010,53.02
11/4/2010,53.67
11/5/2010,53.67
11/8/2010,53.7375
11/9/2010,53.45
11/10/2010,53.715
11/11/2010,53.38499
11/12/2010,52.50999
11/15/2010,52.315
11/16/2010,51.45
11/17/2010,51.60001
11/18/2010,52.42999
11/19/2010,52.47
11/22/2010,52.91
11/23/2010,52.07001
11/24/2010,53.12
11/26/2010,52.968
11/29/2010,52.73
11/30/2010,52.08501
12/1/2010,53.19
12/2/2010,53.73
12/3/2010,53.87
12/6/2010,53.845
12/7/2010,53.88
12/8/2010,54.08
12/9/2010,54.13499
12/10/2010,54.495
12/13/2010,54.3
12/14/2010,54.395
12/15/2010,54.16
12/16/2010,54.58
12/17/2010,54.52
12/20/2010,54.56
12/21/2010,54.89
12/22/2010,54.88499
12/23/2010,54.742
12/27/2010,54.77
12/28/2010,54.67
12/29/2010,54.78999
12/30/2010,54.66
12/31/2010,54.46001
1/3/2011,55.31
1/4/2011,55.265
1/5/2011,55.74001
1/6/2011,55.92
1/7/2011,55.87
1/10/2011,56.08
1/11/2011,56.16
1/12/2011,56.55499
1/13/2011,56.575
1/14/2011,57
1/18/2011,57.16
1/19/2011,56.50999
1/20/2011,56.11
1/21/2011,55.67999
1/24/2011,56.45
1/25/2011,56.5325
1/26/2011,56.83
1/27/2011,57.17999
1/28/2011,55.73
1/31/2011,56
2/1/2011,57.05
2/2/2011,56.955
2/3/2011,57.0575
2/4/2011,57.375
2/7/2011,57.64999
2/8/2011,58.02499
2/9/2011,57.92999
2/10/2011,58.021
2/11/2011,58.44
2/14/2011,58.58
2/15/2011,58.5
2/16/2011,58.881
2/17/2011,58.86
2/18/2011,58.73
2/22/2011,57.03
2/23/2011,56.56
2/24/2011,56.855
2/25/2011,57.64999
2/28/2011,57.76891
3/1/2011,56.84
3/2/2011,57.14
3/3/2011,58.265
3/4/2011,57.9675
3/7/2011,57.19
3/8/2011,57.42
3/9/2011,57.03
3/10/2011,56.14
3/11/2011,56.49001
3/14/2011,56.28999
3/15/2011,55.49001
3/16/2011,54.14999
3/17/2011,54.64999
3/18/2011,54.45
3/21/2011,55.5
3/22/2011,55.395
3/23/2011,55.71001
3/24/2011,56.7
3/25/2011,56.84
3/28/2011,56.53
3/29/2011,57.08
3/30/2011,57.35001
3/31/2011,57.42999
4/1/2011,57.46001
4/4/2011,57.27
4/5/2011,57.12
4/6/2011,57.25999
4/7/2011,57.22
4/8/2011,56.95
4/11/2011,56.75999
4/12/2011,56.37
4/13/2011,56.85001
4/14/2011,56.75
4/15/2011,56.64999
4/18/2011,56.25
4/19/2011,56.60001
4/20/2011,57.875
4/21/2011,58.34
4/25/2011,58.49001
4/26/2011,58.82001
4/27/2011,59.22
4/28/2011,59.13
4/29/2011,59.08
5/2/2011,58.97
5/3/2011,58.69
5/4/2011,58.60001
5/5/2011,58.28
5/6/2011,58.47
5/9/2011,58.69
5/10/2011,59.19
5/11/2011,58.755
5/12/2011,59.11
5/13/2011,58.41
5/16/2011,57.399
5/17/2011,57.56
5/18/2011,58.03999
5/19/2011,58.21001
5/20/2011,57.765
5/23/2011,56.92
5/24/2011,56.57001
5/25/2011,56.78999
5/26/2011,57.14149
5/27/2011,57.42999
5/31/2011,58.36
6/1/2011,57.09
6/2/2011,57.21001
6/3/2011,56.35001
6/6/2011,55.89
6/7/2011,55.78999
6/8/2011,55.39
6/9/2011,55.485
6/10/2011,54.64
6/13/2011,54.64
6/14/2011,55.34
6/15/2011,54.28999
6/16/2011,54.08
6/17/2011,53.78999
6/20/2011,54.07001
6/21/2011,55.23
6/22/2011,54.83099
6/23/2011,55.34
6/24/2011,54.38
6/27/2011,55.245
6/28/2011,56.07001
6/29/2011,56.3
6/30/2011,57.05
7/1/2011,57.91
7/5/2011,58.2
7/6/2011,58.39
7/7/2011,59.19
7/8/2011,59.03
7/11/2011,57.96001
7/12/2011,57.52
7/13/2011,57.75999
7/14/2011,57.09
7/15/2011,57.85001
7/18/2011,57.53999
7/19/2011,58.85001
7/20/2011,58.60001
7/21/2011,58.99001
7/22/2011,59.60001
7/25/2011,59.48
7/26/2011,59.625
7/27/2011,58.09
7/28/2011,58.19
7/29/2011,58
8/1/2011,57.73
8/2/2011,56.27
8/3/2011,56.81
8/4/2011,54.17
8/5/2011,53.83
8/8/2011,50.59
8/9/2011,53.03
8/10/2011,50.86
8/11/2011,53.10001
8/12/2011,53.57001
8/15/2011,54.36
8/16/2011,53.89999
8/17/2011,53.58
8/18/2011,50.95
8/19/2011,50.03
8/22/2011,50.21001
8/23/2011,52.28
8/24/2011,52.69
8/25/2011,51.83
8/26/2011,53.13
8/29/2011,54.61
8/30/2011,54.97
8/31/2011,55.06
9/1/2011,54.56
9/2/2011,53.28
9/6/2011,53.28999
9/7/2011,54.64
9/8/2011,54.39
9/9/2011,53.17999
9/12/2011,53.86
9/13/2011,54.58
9/14/2011,55.36
9/15/2011,56.17999
9/16/2011,56.59
9/19/2011,56.61
9/20/2011,56.36
9/21/2011,55.38
9/22/2011,53.58
9/23/2011,54.14999
9/26/2011,54.78
9/27/2011,55.35001
9/28/2011,54.53
9/29/2011,53.88
9/30/2011,52.49001
10/3/2011,51.14
10/4/2011,52.19
10/5/2011,53.53
10/6/2011,54.42999
10/7/2011,54.07001
10/10/2011,55.94
10/11/2011,56.32001
10/12/2011,56.60001
10/13/2011,57.12
10/14/2011,58.17999
10/17/2011,57.28
10/18/2011,57.99001
10/19/2011,56.87
10/20/2011,56.59
10/21/2011,57.3
10/24/2011,58.49001
10/25/2011,57.34
10/26/2011,57.27
10/27/2011,58.85001
10/28/2011,58.94
10/31/2011,57.95
11/1/2011,56.44
11/2/2011,56.92
11/3/2011,58.10001
11/4/2011,57.8
11/7/2011,58.21001
11/8/2011,58.88
11/9/2011,56.81
11/10/2011,56.78
11/11/2011,57.85001
11/14/2011,57.49001
11/15/2011,58.13
11/16/2011,57.17
11/17/2011,55.83
11/18/2011,55.39999
11/21/2011,54.34
11/22/2011,54.52
11/23/2011,53.28999
11/25/2011,52.88
11/28/2011,54.72
11/29/2011,54.38
11/30/2011,56.39
12/1/2011,56.78
12/2/2011,56.62
12/5/2011,57.24001
12/6/2011,57.08
12/7/2011,57.08
12/8/2011,56.12
12/9/2011,57.02
12/12/2011,56.38
12/13/2011,55.75999
12/14/2011,54.89
12/15/2011,54.74001
12/16/2011,54.86
12/19/2011,54.32001
12/20/2011,55.92999
12/21/2011,55.13
12/22/2011,55.60001
12/23/2011,56.08
12/27/2011,56.24001
12/28/2011,55.59
12/29/2011,55.99001
12/30/2011,55.83
1/3/2012,56.89999
1/4/2012,57.14
1/5/2012,57.61
1/6/2012,57.81
1/9/2012,57.62
1/10/2012,58.03999
1/11/2012,58.16
1/12/2012,58.39
1/13/2012,58.17999
1/17/2012,58.71001
1/18/2012,59.49001
1/19/2012,59.86
1/20/2012,59.77
1/23/2012,59.78999
1/24/2012,59.67999
1/25/2012,60.42999
1/26/2012,60.22
1/27/2012,60.39999
1/30/2012,60.45
1/31/2012,60.53
2/1/2012,61.02
2/2/2012,61.21001
2/3/2012,62.05
2/6/2012,62
2/7/2012,62.13
2/8/2012,62.46001
2/9/2012,62.91
2/10/2012,62.47501
2/13/2012,63.05
2/14/2012,63.21001
2/15/2012,62.77
2/16/2012,63.63
2/17/2012,63.42999
2/21/2012,63.61
2/22/2012,63.32001
2/23/2012,63.74001
2/24/2012,63.96001
2/27/2012,64.05
2/28/2012,64.7
2/29/2012,64.41
3/1/2012,64.92
3/2/2012,64.87
3/5/2012,64.2
3/6/2012,63.57001
3/7/2012,64.06
3/8/2012,64.75
3/9/2012,65.02
3/12/2012,65.05
3/13/2012,66.25999
3/14/2012,66.49001
3/15/2012,66.67999
3/16/2012,66.52
3/19/2012,66.99001
3/20/2012,67.11
3/21/2012,67.12
3/22/2012,66.98
3/23/2012,66.939
3/26/2012,68.11
3/27/2012,68.21001
3/28/2012,67.938
3/29/2012,67.67999
3/30/2012,67.55
4/2/2012,68.25
4/3/2012,68.23
4/4/2012,67.3
4/5/2012,67.72
4/9/2012,67.21001
4/10/2012,66.13
4/11/2012,66.45
4/12/2012,67.205
4/13/2012,66.19
4/16/2012,65.45
4/17/2012,66.78
4/18/2012,66.61
4/19/2012,65.86
4/20/2012,65.67999
4/23/2012,65.08
4/24/2012,64.73
4/25/2012,66.45
4/26/2012,66.84
4/27/2012,67.24001
4/30/2012,66.75999
5/1/2012,66.87
5/2/2012,67.06
5/3/2012,66.35001
5/4/2012,64.7
5/7/2012,64.75999
5/8/2012,64.52
5/9/2012,64.321
5/10/2012,64.19
5/11/2012,64.17999
5/14/2012,63.58
5/15/2012,63.37
5/16/2012,62.94
5/17/2012,61.61
5/18/2012,60.81
5/21/2012,62.50999
5/22/2012,62.44
5/23/2012,62.56
5/24/2012,62.14999
5/25/2012,62.07001
5/29/2012,62.86
5/30/2012,62.33
5/31/2012,62.06
6/1/2012,60.409
6/4/2012,60.87
6/5/2012,61.12
6/6/2012,62.52
6/7/2012,62.27
6/8/2012,62.87
6/11/2012,61.80499
6/12/2012,62.56
6/13/2012,62.13
6/14/2012,62.36
6/15/2012,62.99001
6/18/2012,63.58
6/19/2012,64.239
6/20/2012,64.28999
6/21/2012,62.69
6/22/2012,63.35001
6/25/2012,62.13
6/26/2012,62.52
6/27/2012,62.89999
6/28/2012,62.2
6/29/2012,64.16
7/2/2012,64.35001
7/3/2012,64.89
7/5/2012,64.92999
7/6/2012,64.12
7/9/2012,64
7/10/2012,63.37
7/11/2012,63.02
7/12/2012,62.42999
7/13/2012,63.38
7/16/2012,63.2
7/17/2012,63.53
7/18/2012,64.39
7/19/2012,65.10001
7/20/2012,64.235
7/23/2012,63.46001
7/24/2012,62.96001
7/25/2012,62.53999
7/26/2012,63.37
7/27/2012,64.87
7/30/2012,64.82001
7/31/2012,64.8
8/1/2012,64.61
8/2/2012,64.38
8/3/2012,65.60001
8/6/2012,66.10001
8/7/2012,66.64999
8/8/2012,66.62
8/9/2012,66.82001
8/10/2012,66.86
8/13/2012,67.02
8/14/2012,67.05
8/15/2012,67.22
8/16/2012,68.02
8/17/2012,68.32001
8/20/2012,68.42
8/21/2012,68.14999
8/22/2012,68.42999
8/23/2012,67.87
8/24/2012,68.28999
8/27/2012,68.39999
8/28/2012,68.39999
8/29/2012,68.39999
8/30/2012,67.71001
8/31/2012,68.16
9/4/2012,68.09
9/5/2012,68.02
9/6/2012,69.53
9/7/2012,69.42999
9/10/2012,68.53999
9/11/2012,68.42999
9/12/2012,68.632
9/13/2012,69.56
9/14/2012,70.17999
9/17/2012,70.21001
9/18/2012,70.27
9/19/2012,70.39999
9/20/2012,70.33
9/21/2012,70.14999
9/24/2012,69.735
9/25/2012,68.75999
9/26/2012,68.2
9/27/2012,69.14
9/28/2012,68.57001
10/1/2012,68.47
10/2/2012,68.67
10/3/2012,69.11
10/4/2012,69.35001
10/5/2012,68.98
10/8/2012,68.35001
10/9/2012,67.2592
10/10/2012,66.92
10/11/2012,66.71001
10/12/2012,66.67999
10/15/2012,67.17
10/16/2012,68.12
10/17/2012,68.08
10/18/2012,67.28999
10/19/2012,65.67999
10/22/2012,66.02
10/23/2012,65.39
10/24/2012,65.164
10/25/2012,65.16
10/26/2012,65.35001
10/31/2012,64.95
11/1/2012,65.87289
11/2/2012,65.17
11/5/2012,65.60001
11/6/2012,65.72
11/7/2012,64.17
11/8/2012,63.16
11/9/2012,63.42999
11/12/2012,63.42
11/13/2012,62.98
11/14/2012,62.24001
11/15/2012,62.02991
11/16/2012,62.3
11/19/2012,63.78059
11/20/2012,63.8
11/21/2012,63.92999
11/23/2012,64.89999
11/26/2012,65.181
11/27/2012,64.96001
11/28/2012,65.52
11/29/2012,65.91
11/30/2012,65.8
12/3/2012,65.67
12/4/2012,65.63
12/5/2012,64.9032
12/6/2012,65.32001
12/7/2012,64.92999
12/10/2012,65.12
12/11/2012,65.97
12/12/2012,65.83
12/13/2012,65.3111
12/14/2012,64.69
12/17/2012,65.55
12/18/2012,66.5472
12/19/2012,66.2605
12/20/2012,66.25999
12/21/2012,65.2
12/24/2012,65.07001
12/26/2012,64.5
12/27/2012,64.39999
12/28/2012,63.78
12/31/2012,65.1301
1/2/2013,67.2
1/3/2013,66.8521
1/4/2013,66.63
1/7/2013,66.65041
1/8/2013,66.52
1/9/2013,66.77
1/10/2013,67.17
1/11/2013,67.25999
1/14/2013,66.96001
1/15/2013,66.63
1/16/2013,66.89999
1/17/2013,67.22
1/18/2013,67.07001
1/22/2013,67.17999
1/23/2013,67.59
1/24/2013,66.66
1/25/2013,67
1/28/2013,67.14999
1/29/2013,67.16
1/30/2013,67.02
1/31/2013,66.87
2/1/2013,67.66
2/4/2013,66.48
2/5/2013,67.46001
2/6/2013,67.24001
2/7/2013,67.3
2/8/2013,67.99001
2/11/2013,68.00999
2/12/2013,67.73
2/13/2013,67.97
2/14/2013,67.95
2/15/2013,67.75
2/19/2013,68.24001
2/20/2013,67.19
2/21/2013,66.47
2/22/2013,67.13901
2/25/2013,66.31
2/26/2013,66.56
2/27/2013,67.239
2/28/2013,67.10001
3/1/2013,67.38
3/4/2013,67.67999
3/5/2013,68.67999
3/6/2013,68.50999
3/7/2013,68.69
3/8/2013,68.77
3/11/2013,68.97
3/12/2013,68.72
3/13/2013,68.63
3/14/2013,68.86
3/15/2013,68.50999
3/18/2013,68.36
3/19/2013,68.23
3/20/2013,68.709
3/21/2013,67.92999
3/22/2013,68.59
3/25/2013,68.34
3/26/2013,68.71001
3/27/2013,68.80099
3/28/2013,68.97
4/1/2013,68.5
4/2/2013,69.03999
4/3/2013,68.41
4/4/2013,68.42999
4/5/2013,67.86099
4/8/2013,68.22
4/9/2013,68.67999
4/10/2013,70.015
4/11/2013,69.99001
4/12/2013,69.94
4/15/2013,68.56
4/16/2013,69.47
4/17/2013,68.11501
4/18/2013,67.16901
4/19/2013,68.09
4/22/2013,68.78999
4/23/2013,69.45
4/24/2013,69.42
4/25/2013,69.78999
4/26/2013,69.57001
4/29/2013,70.21001
4/30/2013,70.72
5/1/2013,70.39
5/2/2013,71.28
5/3/2013,72.12
5/6/2013,72.39999
5/7/2013,72.36
5/8/2013,72.71001
5/9/2013,72.60651
5/10/2013,73.05
5/13/2013,73.14
5/14/2013,73.52
5/15/2013,73.67
5/16/2013,73.59
5/17/2013,74.3
5/20/2013,74.19
5/21/2013,74.27
5/22/2013,73.619
5/23/2013,73.45
5/24/2013,73.41
5/28/2013,73.89
5/29/2013,73.53999
5/30/2013,73.92999
5/31/2013,73.25
6/3/2013,73.38
6/4/2013,73
6/5/2013,72.05
6/6/2013,72.39999
6/7/2013,73.39
6/10/2013,73.42
6/11/2013,72.69
6/12/2013,71.85001
6/13/2013,72.75999
6/14/2013,72.28
6/17/2013,72.98
6/18/2013,73.58
6/19/2013,72.75999
6/20/2013,71.02499
6/21/2013,70.42999
6/24/2013,69.73
6/25/2013,70.24001
6/26/2013,70.87
6/27/2013,71.17
6/28/2013,71.27
7/1/2013,71.71001
7/2/2013,71.74001
7/3/2013,72.03101
7/5/2013,72.58
7/8/2013,72.64999
7/9/2013,73.09
7/10/2013,73.50999
7/11/2013,74.97
7/12/2013,75.3
7/15/2013,75.47
7/16/2013,75.37
7/17/2013,75.56
7/18/2013,75.37
7/19/2013,74.59
7/22/2013,74.81
7/23/2013,74.25999
7/24/2013,74.5
7/25/2013,74.97
7/26/2013,75.37
7/29/2013,75.23
7/30/2013,75.63
7/31/2013,75.77
8/1/2013,76.53999
8/2/2013,76.97
8/5/2013,77.02
8/6/2013,76.56
8/7/2013,76.42
8/8/2013,76.8
8/9/2013,76.49001
8/12/2013,76.67
8/13/2013,77.10001
8/14/2013,76.81
8/15/2013,75.50999
8/16/2013,75.485
8/19/2013,75.35001
8/20/2013,75.67999
8/21/2013,75.42
8/22/2013,76.16
8/23/2013,76.67
8/26/2013,76.71001
8/27/2013,75.14
8/28/2013,75.42999
8/29/2013,75.96001
8/30/2013,75.47
9/3/2013,75.89999
9/4/2013,76.71001
9/5/2013,76.84
9/6/2013,76.92999
9/9/2013,77.83
9/10/2013,78.21001
9/11/2013,78.06
9/12/2013,78.00999
9/13/2013,78.06
9/16/2013,77.85001
9/17/2013,78.37
9/18/2013,79.31
9/19/2013,79.5
9/20/2013,78.985
9/23/2013,78.83
9/24/2013,78.83
9/25/2013,78.56
9/26/2013,79.17
9/27/2013,79.07001
9/30/2013,78.88
10/1/2013,79.67999
10/2/2013,79.64999
10/3/2013,78.72
10/4/2013,79.39999
10/7/2013,78.74001
10/8/2013,77.22
10/9/2013,76.98
10/10/2013,78.61
10/11/2013,79.23
10/14/2013,79.78999
10/15/2013,79.48
10/16/2013,80.38
10/17/2013,80.84
10/18/2013,82.14999
10/21/2013,82.33
10/22/2013,82.45
10/23/2013,81.95
10/24/2013,82.31
10/25/2013,82.89999
10/28/2013,82.92
10/29/2013,83.06
10/30/2013,82.98
10/31/2013,82.79
11/1/2013,82.81
11/4/2013,82.93
11/5/2013,83.02
11/6/2013,83
11/7/2013,81.44
11/8/2013,82.54
11/11/2013,82.41
11/12/2013,82.54
11/13/2013,83.54
11/14/2013,83.8
11/15/2013,83.96
11/18/2013,83.14
11/19/2013,82.9
11/20/2013,82.7
11/21/2013,83.54
11/22/2013,83.99
11/25/2013,84.19
11/26/2013,84.63
11/27/2013,85.22
11/29/2013,85.73
12/2/2013,85.48
12/3/2013,85.41
12/4/2013,85.49
12/5/2013,85.38
12/6/2013,86
12/9/2013,86.35
12/10/2013,86.29
12/11/2013,85.18
12/12/2013,84.96
12/13/2013,84.85
12/16/2013,85.32
12/17/2013,85.15
12/18/2013,86.14
12/19/2013,85.9
12/20/2013,86.5
12/23/2013,87.41
12/24/2013,87.45
12/26/2013,87.74
12/27/2013,87.52
12/30/2013,87.39
12/31/2013,87.96
1/2/2014,87.27
1/3/2014,86.64
1/6/2014,86.32
1/7/2014,87.12
1/8/2014,87.31
1/9/2014,87.02
1/10/2014,87.3
1/13/2014,86.01
1/14/2014,87.65
1/15/2014,88.37
1/16/2014,88.38
1/17/2014,87.88
1/21/2014,88.55
1/22/2014,88.78
1/23/2014,88.48
1/24/2014,86.74
1/27/2014,85.9
1/28/2014,85.85
1/29/2014,84.93
1/30/2014,86.5
1/31/2014,86.27
2/3/2014,84.29
2/4/2014,84.91
2/5/2014,84.69
2/6/2014,85.77
2/7/2014,87.3
2/10/2014,87.8
2/11/2014,88.8
2/12/2014,88.97
2/13/2014,89.63
2/14/2014,89.81
2/18/2014,90.25
2/19/2014,89.63
2/20/2014,90.05
2/21/2014,89.93
2/24/2014,90.41
2/25/2014,90.31
2/26/2014,90.23
2/27/2014,90.44
2/28/2014,90.34
3/3/2014,89.67
3/4/2014,90.81
3/5/2014,91.06
3/6/2014,90.98
3/7/2014,90.53
3/10/2014,90.61
3/11/2014,90.22
3/12/2014,90.56
3/13/2014,89.28
3/14/2014,88.67
3/17/2014,89.45
3/18/2014,90.53
3/19/2014,90.04
3/20/2014,90.29
3/21/2014,89
3/24/2014,88.22
3/25/2014,88.51
3/26/2014,87.37
3/27/2014,86.879
3/28/2014,87.05
3/31/2014,87.67
4/1/2014,89.21
4/2/2014,89.44
4/3/2014,88.73
4/4/2014,86.37
4/7/2014,85.55
4/8/2014,86.34
4/9/2014,87.82
4/10/2014,85.1
4/11/2014,84.11
4/14/2014,84.77
4/15/2014,85.0501
4/16/2014,86.18
4/17/2014,86.2
4/21/2014,86.84
4/22/2014,87.53
4/23/2014,86.76
4/24/2014,87.59
4/25/2014,86.19
4/28/2014,86.47
4/29/2014,87.16
4/30/2014,87.39
5/1/2014,87.65
5/2/2014,87.49
5/5/2014,87.95
5/6/2014,86.81
5/7/2014,86.56
5/8/2014,86.48
5/9/2014,86.8
5/12/2014,88.23
5/13/2014,88.29
5/14/2014,87.83
5/15/2014,87.135
5/16/2014,87.71
5/19/2014,88.32
5/20/2014,88
5/21/2014,88.84
5/22/2014,89.23
5/23/2014,89.88
5/27/2014,91.001
5/28/2014,90.72
5/29/2014,91.3
5/30/2014,91.31
6/2/2014,91.22
6/3/2014,91.18
6/4/2014,91.52
6/5/2014,92.29
6/6/2014,92.82
6/9/2014,92.75
6/10/2014,92.91
6/11/2014,92.89
6/12/2014,92.05
6/13/2014,92.32
6/16/2014,92.4
6/17/2014,92.45
6/18/2014,92.97
6/19/2014,92.91
6/20/2014,92.77
6/23/2014,92.79
6/24/2014,92.7
6/25/2014,93.29
6/26/2014,93.34
6/27/2014,93.75
6/30/2014,93.91
7/1/2014,94.94
7/2/2014,95.1
7/3/2014,95.7
7/7/2014,95.41
7/8/2014,94.26
7/9/2014,94.96
7/10/2014,94.66
7/11/2014,95.27
7/14/2014,95.84
7/15/2014,95.51
7/16/2014,95.89
7/17/2014,94.619
7/18/2014,96.12
7/21/2014,96
7/22/2014,96.61
7/23/2014,97.227
7/24/2014,97.12
7/25/2014,96.74
7/28/2014,96.77
7/29/2014,96.6
7/30/2014,96.98
7/31/2014,95.02
8/1/2014,94.67
8/4/2014,95.32
8/5/2014,94.59
8/6/2014,94.52
8/7/2014,94.22
8/8/2014,94.9
8/11/2014,95.46
8/12/2014,95.42
8/13/2014,96.43
8/14/2014,96.93
8/15/2014,97.4
8/18/2014,98.15
8/19/2014,98.7
8/20/2014,98.7
8/21/2014,98.9
8/22/2014,99.05
8/25/2014,99.4
8/26/2014,99.5
8/27/2014,99.52
8/28/2014,99.41
8/29/2014,99.78
9/2/2014,100.07
9/3/2014,99.48
9/4/2014,99.39
9/5/2014,99.89
9/8/2014,100.08
9/9/2014,99.25
9/10/2014,100.07
9/11/2014,99.99
9/12/2014,99.48
9/15/2014,98.52
9/16/2014,99.38
9/17/2014,99.53
9/18/2014,100.28
9/19/2014,99.98
9/22/2014,99.05
9/23/2014,98.78
9/24/2014,99.84
9/25/2014,97.74
9/26/2014,98.78
9/29/2014,98.65
9/30/2014,98.79
10/1/2014,97.21
10/2/2014,97.21
10/3/2014,98.17
10/6/2014,97.96
10/7/2014,96.57
10/8/2014,98.45
10/9/2014,96.86
10/10/2014,94.44
10/13/2014,92.96
10/14/2014,92.97
10/15/2014,92.37
10/16/2014,91.79
10/17/2014,93
10/20/2014,94.39
10/21/2014,96.87
10/22/2014,96.37
10/23/2014,97.82
10/24/2014,98.62
10/27/2014,98.69
10/28/2014,100.18
10/29/2014,99.81
10/30/2014,100.02
10/31/2014,101.4
11/3/2014,101.7
11/4/2014,101.36
11/5/2014,101.37
11/6/2014,101.69
11/7/2014,101.6
11/10/2014,101.96
11/11/2014,102.28
11/12/2014,102.46
11/13/2014,102.9
11/14/2014,103.22
11/17/2014,102.91
11/18/2014,103.68
11/19/2014,103.21
11/20/2014,103.67
11/21/2014,103.87
11/24/2014,104.68
11/25/2014,104.84
11/26/2014,105.52
11/28/2014,106.01
12/1/2014,104.81
12/2/2014,105.23
12/3/2014,105.42
12/4/2014,105.37
12/5/2014,105.38
12/8/2014,104.63
12/9/2014,104.96
12/10/2014,103.31
12/11/2014,103.8
12/12/2014,102.67
12/15/2014,101.61
12/16/2014,99.98
12/17/2014,101.8
12/18/2014,104.25
12/19/2014,104.32
12/22/2014,104.58
12/23/2014,104.21
12/24/2014,104.3
12/26/2014,105.04
12/29/2014,105.02
12/30/2014,104.32
12/31/2014,103.25
1/2/2015,102.94
1/5/2015,101.43
1/6/2015,100.07
1/7/2015,101.36
1/8/2015,103.3
1/9/2015,102.62
1/12/2015,101.55
1/13/2015,101.52
1/14/2015,100.96
1/15/2015,99.65
1/16/2015,100.82
1/20/2015,101.62
1/21/2015,102.14
1/22/2015,104.03
1/23/2015,104.26
1/26/2015,104.14
1/27/2015,101.44
1/28/2015,100.92
1/29/2015,101.89
1/30/2015,101.1
2/2/2015,101.98
2/3/2015,102.96
2/4/2015,102.87
2/5/2015,103.76
2/6/2015,103.13
2/9/2015,102.8
2/10/2015,104.4
2/11/2015,104.78
2/12/2015,106
2/13/2015,106.91
2/17/2015,107.01
2/18/2015,107.16
2/19/2015,107.69
2/20/2015,108.41
2/23/2015,108.52
2/24/2015,108.6
2/25/2015,108.33
2/26/2015,108.88
2/27/2015,108.4
3/2/2015,109.38
3/3/2015,108.87
3/4/2015,108.45
3/5/2015,108.64
3/6/2015,107.41
3/9/2015,107.72
3/10/2015,105.72
3/11/2015,105.11
3/12/2015,105.8
3/13/2015,105.34
3/16/2015,106.7
3/17/2015,106.87
3/18/2015,107.92
3/19/2015,108.08
3/20/2015,108.53
3/23/2015,108.32
3/24/2015,107.93
3/25/2015,105.46
3/26/2015,105.1
3/27/2015,105.52
3/30/2015,106.73
3/31/2015,105.6
4/1/2015,105.05
4/2/2015,105.12
4/6/2015,105.98
4/7/2015,105.8
4/8/2015,106.64
4/9/2015,107.31
4/10/2015,107.75
4/13/2015,107.48
4/14/2015,107.17
4/15/2015,107.84
4/16/2015,107.69
4/17/2015,106.01
4/20/2015,107.6
4/21/2015,108.06
4/22/2015,108.65
4/23/2015,109.06
4/24/2015,110.54
4/27/2015,110.26
4/28/2015,110.04
4/29/2015,109.35
4/30/2015,107.63
5/1/2015,109.05
5/4/2015,109.23
5/5/2015,107.45
5/6/2015,106.71
5/7/2015,107.35
5/8/2015,108.69
5/11/2015,108.27
5/12/2015,107.78
5/13/2015,108
5/14/2015,109.58
5/15/2015,109.58
5/18/2015,110.06
5/19/2015,109.94
5/20/2015,110.01
5/21/2015,110.58
5/22/2015,110.47
5/26/2015,109.2
5/27/2015,110.96
5/28/2015,110.71
5/29/2015,110.05
6/1/2015,110.42
6/2/2015,110.07
6/3/2015,110.4
6/4/2015,109.56
6/5/2015,109.3
6/8/2015,108.19
6/9/2015,108.01
6/10/2015,109.49
6/11/2015,109.65
6/12/2015,108.75
6/15/2015,108.21
6/16/2015,108.8
6/17/2015,109.1
6/18/2015,110.69
6/19/2015,109.89
6/22/2015,110.7
6/23/2015,110.79
6/24/2015,110.22
6/25/2015,110
6/26/2015,109.27
6/29/2015,106.69
6/30/2015,107.07
7/1/2015,107.92
7/2/2015,107.95
7/6/2015,107.7
7/7/2015,107.97
7/8/2015,106.09
7/9/2015,106.03
7/10/2015,107.65
7/13/2015,109.54
7/14/2015,110.26
7/15/2015,110.38
7/16/2015,111.94
7/17/2015,113.59
7/20/2015,113.98
7/21/2015,113.91
7/22/2015,112.62
7/23/2015,112.2
7/24/2015,111.1
7/27/2015,110.18
7/28/2015,111.13
7/29/2015,111.55
7/30/2015,112.08
7/31/2015,111.95
8/3/2015,111.6
8/4/2015,111.39
8/5/2015,112.25
8/6/2015,110.45
8/7/2015,110.31
8/10/2015,111.57
8/11/2015,110.14
8/12/2015,110.52
8/13/2015,110.34
8/14/2015,110.51
8/17/2015,111.43
8/18/2015,110.86
8/19/2015,110.13
8/20/2015,107.08
8/21/2015,102.4
8/24/2015,98.46
8/25/2015,98.09
8/26/2015,103.03
8/27/2015,105.64
8/28/2015,105.62
8/31/2015,104.31
9/1/2015,101.05
9/2/2015,103.9
9/3/2015,103.39
9/4/2015,102.16
9/8/2015,105.04
9/9/2015,103.86
9/10/2015,104.99
9/11/2015,105.57
9/14/2015,105.25
9/15/2015,106.49
9/16/2015,107.09
9/17/2015,107.13
9/18/2015,105.35
9/21/2015,105.68
9/22/2015,104.1
9/23/2015,104.18
9/24/2015,103.8
9/25/2015,102.92
9/28/2015,99.99
9/29/2015,99.47
9/30/2015,101.76
10/1/2015,102.22
10/2/2015,104.01
10/5/2015,105.5
10/6/2015,105
10/7/2015,105.63
10/8/2015,106.05
10/9/2015,106.53
10/12/2015,106.79
10/13/2015,106.1
10/14/2015,105.93
10/15/2015,107.67
10/16/2015,108.12
10/19/2015,108.74
10/20/2015,108.18
10/21/2015,107.52
10/22/2015,109.71
10/23/2015,112.78
10/26/2015,112.85
10/27/2015,113.08
10/28/2015,114.02
10/29/2015,113.84
10/30/2015,113.33
11/2/2015,114.61
11/3/2015,115.01
11/4/2015,115.02
11/5/2015,114.71
11/6/2015,114.79
11/9/2015,113.57
11/10/2015,113.28
11/11/2015,113.14
11/12/2015,112.04
11/13/2015,109.84
11/16/2015,111.42
11/17/2015,111.49
11/18/2015,113.63
11/19/2015,113.71
11/20/2015,114.48
11/23/2015,114.15
11/24/2015,114.05
11/25/2015,114.15
11/27/2015,114.31
11/30/2015,114.02
12/1/2015,115.16
12/2/2015,114.45
12/3/2015,112.51
12/4/2015,115.14
12/7/2015,114.62
12/8/2015,114.63
12/9/2015,112.89
12/10/2015,113.4
12/11/2015,110.79
12/14/2015,111.63
12/15/2015,112.31
12/16/2015,113.98
12/17/2015,112.32
12/18/2015,109.83
12/21/2015,111.05
12/22/2015,111.78
12/23/2015,112.61
12/24/2015,112.59
12/28/2015,112.53
12/29/2015,114.3
12/30/2015,113.27
12/31/2015,111.86
1/4/2016,109.5
1/5/2016,109.31
1/6/2016,108.26
1/7/2016,104.87
1/8/2016,104.01
1/11/2016,104.33
1/12/2016,105.54
1/13/2016,101.9
1/14/2016,104.07
1/15/2016,100.84
1/19/2016,101.06
1/20/2016,100.75
1/21/2016,100.85
1/22/2016,103.77
1/25/2016,102.23
1/26/2016,103.15
1/27/2016,100.58
1/28/2016,102
1/29/2016,104.13
2/1/2016,104.41
2/2/2016,102.15
2/3/2016,101.66
2/4/2016,101.65
2/5/2016,98.12
2/8/2016,96.62
2/9/2016,96.32
2/10/2016,96.69
2/11/2016,96.55
2/12/2016,98.02
2/16/2016,100.23
2/17/2016,102.5
2/18/2016,101.33
2/19/2016,101.63
2/22/2016,103.28
2/23/2016,101.58
2/24/2016,102.55
2/25/2016,103.56
2/26/2016,103.43
2/29/2016,102.5
3/1/2016,105.79
3/2/2016,105.83
3/3/2016,105.63
3/4/2016,105.67
3/7/2016,105.02
3/8/2016,104.15
3/9/2016,104.82
3/10/2016,104.66
3/11/2016,106.49
3/14/2016,106.67
3/15/2016,106.63
3/16/2016,107.58
3/17/2016,107.52
3/18/2016,107.37
3/21/2016,107.79
3/22/2016,108.12
3/23/2016,107.23
3/24/2016,107.26
3/28/2016,107.11
3/29/2016,108.83
3/30/2016,109.36
3/31/2016,109.2
4/1/2016,110.36
4/4/2016,109.94
4/5/2016,108.88
4/6/2016,110.67
4/7/2016,109.08
4/8/2016,109
4/11/2016,108.6
4/12/2016,109.51
4/13/2016,110.91
4/14/2016,110.92
4/15/2016,110.64
4/18/2016,111.23
4/19/2016,110.55
4/20/2016,110.64
4/21/2016,110.65
4/22/2016,108.98
4/25/2016,108.98
4/26/2016,108.45
4/27/2016,107.58
4/28/2016,106.28
4/29/2016,105.72
5/2/2016,106.72
5/3/2016,105.73
5/4/2016,105.05
5/5/2016,105.02
5/6/2016,105.58
5/9/2016,105.88
5/10/2016,107.33
5/11/2016,106.36
5/12/2016,105.89
5/13/2016,105.5
5/16/2016,106.82
5/17/2016,105.48
5/18/2016,105.86
5/19/2016,105.31
5/20/2016,106.47
5/23/2016,106.33
5/24/2016,108.46
5/25/2016,109.24
5/26/2016,109.56
5/27/2016,110.13
5/31/2016,110.34
6/1/2016,110.35
6/2/2016,110.58
6/3/2016,110.06
6/6/2016,110.46
6/7/2016,110.18
6/8/2016,110.37
6/9/2016,110.19
6/10/2016,108.94
6/13/2016,108.03
6/14/2016,108.03
6/15/2016,107.72
6/16/2016,108.04
6/17/2016,106.49
6/20/2016,107.16
6/21/2016,107.5
6/22/2016,107.24
6/23/2016,108.77
6/24/2016,104.29
6/27/2016,102.22
6/28/2016,104.46
6/29/2016,106.31
6/30/2016,107.54
7/1/2016,108.08
7/5/2016,107.42
7/6/2016,108.3
7/7/2016,108.62
7/8/2016,110.3
7/11/2016,110.93
7/12/2016,111.49
7/13/2016,111.22
7/14/2016,111.98
7/15/2016,111.8
7/18/2016,112.54
7/19/2016,112.13
7/20/2016,113.44
7/21/2016,113.18
7/22/2016,113.65
7/25/2016,113.66
7/26/2016,113.79
7/27/2016,114.58
7/28/2016,114.98
7/29/2016,115.23
8/1/2016,115.84
8/2/2016,114.96
8/3/2016,115.34
8/4/2016,115.67
8/5/2016,116.78
8/8/2016,116.65
8/9/2016,116.92
8/10/2016,116.62
8/11/2016,117.12
8/12/2016,117.2
8/15/2016,117.7
8/16/2016,117.05
8/17/2016,117.26
8/18/2016,117.29
8/19/2016,117.26
8/22/2016,117.35
8/23/2016,117.56
8/24/2016,116.8
8/25/2016,116.61
8/26/2016,116.78
8/29/2016,116.94
8/30/2016,116.56
8/31/2016,116.44
9/1/2016,116.74
9/2/2016,117.12
9/6/2016,117.85
9/7/2016,117.92
9/8/2016,117.23
9/9/2016,114.28
9/12/2016,116.33
9/13/2016,115.29
9/14/2016,115.84
9/15/2016,117.64
9/16/2016,117.29
9/19/2016,116.78
9/20/2016,117
9/21/2016,118.15
9/22/2016,119.09
9/23/2016,118.33
9/26/2016,117.34
9/27/2016,118.5
9/28/2016,118.7
9/29/2016,117.84
9/30/2016,118.72
10/3/2016,118.55
10/4/2016,118.37
10/5/2016,118.79
10/6/2016,118.73
10/7/2016,118.47
10/10/2016,119.22
10/11/2016,117.52
10/12/2016,117.42
10/13/2016,117
10/14/2016,117.14
10/17/2016,116.82
10/18/2016,117.86
10/19/2016,117.85
10/20/2016,117.71
10/21/2016,118.15
10/24/2016,119.57
10/25/2016,119.19
10/26/2016,118.38
10/27/2016,117.84
10/28/2016,117.1
10/31/2016,116.99
11/1/2016,116.11
11/2/2016,115.18
11/3/2016,114.05
11/4/2016,113.65
11/7/2016,116.35
11/8/2016,117.11
11/9/2016,117.65
11/10/2016,115.75
11/11/2016,115.8
11/14/2016,114.63
11/15/2016,116.22
11/16/2016,116.91
11/17/2016,117.76
11/18/2016,117.32
11/21/2016,118.54
11/22/2016,118.9
11/23/2016,118.42
11/25/2016,118.8
11/28/2016,118.53
11/29/2016,118.94
11/30/2016,117.5
12/1/2016,115.47
12/2/2016,115.7
12/5/2016,116.6
12/6/2016,116.88
12/7/2016,118.36
12/8/2016,118.57
12/9/2016,119.5
12/12/2016,118.96
12/13/2016,120.46
12/14/2016,120.21
12/15/2016,120.4
12/16/2016,119.6
12/19/2016,120.09
12/20/2016,120.55
12/21/2016,120.46
12/22/2016,120.12
12/23/2016,120.2
12/27/2016,120.82
12/28/2016,119.88
12/29/2016,119.71
12/30/2016,118.48
1/3/2017,119.54
1/4/2017,120.19
1/5/2017,120.87
1/6/2017,121.93
1/9/2017,122.33
1/10/2017,122.6
1/11/2017,122.93
1/12/2017,122.74
1/13/2017,123.16
1/17/2017,122.79
1/18/2017,123.04
1/19/2017,122.98
1/20/2017,123.25
1/23/2017,123.35
1/24/2017,124.18
1/25/2017,125.43
1/26/2017,125.56
1/27/2017,125.8
1/30/2017,124.82
1/31/2017,124.57
2/1/2017,125.43
2/2/2017,125.32
2/3/2017,125.68
2/6/2017,125.83
2/7/2017,126.29
2/8/2017,126.5
2/9/2017,126.96
2/10/2017,127.38
2/13/2017,128.1
2/14/2017,128.53
2/15/2017,129.29
2/16/2017,129.25
2/17/2017,129.81
2/21/2017,130.45
2/22/2017,130.5
2/23/2017,130.01
2/24/2017,130.26
2/27/2017,130.42
2/28/2017,130.02
3/1/2017,131.44
3/2/2017,130.78
3/3/2017,131.02
3/6/2017,130.73
3/7/2017,130.51
3/8/2017,130.74
3/9/2017,130.84
3/10/2017,131.39
3/13/2017,131.61
3/14/2017,131.29
3/15/2017,132.1
3/16/2017,132.01
3/17/2017,131.69
3/20/2017,131.81
3/21/2017,129.81
3/22/2017,130.69
3/23/2017,130.36
3/24/2017,130.63
3/27/2017,130.84
3/28/2017,131.64
3/29/2017,132.25
3/30/2017,132.47
3/31/2017,132.38
4/3/2017,132.3
4/4/2017,132.51
4/5/2017,131.97
4/6/2017,132.04
4/7/2017,131.97
4/10/2017,132.02
4/11/2017,131.45
4/12/2017,130.92
4/13/2017,130.4
4/17/2017,131.48
4/18/2017,131.28
4/19/2017,131.49
4/20/2017,132.59
4/21/2017,132.56
4/24/2017,134.16
4/25/2017,135.13
4/26/2017,134.94
4/27/2017,135.75
4/28/2017,135.99
5/1/2017,137.2
5/2/2017,137.43
5/3/2017,136.99
5/4/2017,137.04
5/5/2017,137.54
5/8/2017,137.84
5/9/2017,138.32
5/10/2017,138.4
5/11/2017,138.29
5/12/2017,138.6
5/15/2017,139.04
5/16/2017,139.62
5/17/2017,136.07
5/18/2017,137.26
5/19/2017,137.84
5/22/2017,139
5/23/2017,139.14
5/24/2017,139.78
5/25/2017,140.97
5/26/2017,141.22
5/30/2017,141.34
5/31/2017,141.29
6/1/2017,141.84
6/2/2017,143.46
6/5/2017,143.43
6/6/2017,142.86
6/7/2017,143.42
6/8/2017,143.57
6/9/2017,139.98
6/12/2017,139.23
6/13/2017,140.36
6/14/2017,139.75
6/15/2017,139.13
6/16/2017,138.15
6/19/2017,140.46
6/20/2017,139.36
6/21/2017,140.74
6/22/2017,140.7
6/23/2017,141.24
6/26/2017,140.58
6/27/2017,138.03
6/28/2017,140.02
6/29/2017,137.59
6/30/2017,137.64
7/3/2017,136.19
7/5/2017,137.53
7/6/2017,136.29
7/7/2017,137.76
7/10/2017,138.66
7/11/2017,139.05
7/12/2017,140.7
7/13/2017,141.01
7/14/2017,142.12
7/17/2017,142.19
7/18/2017,143.14
7/19/2017,143.98
7/20/2017,144.17
7/21/2017,144.11
7/24/2017,144.77
7/25/2017,144.4
7/26/2017,144.87
7/27/2017,143.96
7/28/2017,143.84
7/31/2017,143.23
8/1/2017,143.56
8/2/2017,143.95
8/3/2017,143.39
8/4/2017,143.65
8/7/2017,144.56
8/8/2017,144.31
8/9/2017,144.12
8/10/2017,141.03
8/11/2017,142.1
8/14/2017,143.93
8/15/2017,144.03
8/16/2017,144.28
8/17/2017,141.33
8/18/2017,141.23
8/21/2017,141.05
8/22/2017,143.2
8/23/2017,142.69
8/24/2017,142.27
8/25/2017,141.97
8/28/2017,142.41
8/29/2017,142.97
8/30/2017,144.65
8/31/2017,146.2
9/1/2017,146
9/5/2017,144.69
9/6/2017,145.13
9/7/2017,145.47
9/8/2017,144.21
9/11/2017,145.87
9/12/2017,146.22
9/13/2017,146.42
9/14/2017,145.56
9/15/2017,146.06
9/18/2017,145.55
9/19/2017,145.8
9/20/2017,145.35
9/21/2017,144.46
9/22/2017,144.32
9/25/2017,142.8
9/26/2017,143.17
9/27/2017,144.46
9/28/2017,144.41
9/29/2017,145.45
10/2/2017,145.58
10/3/2017,145.89
10/4/2017,146.03
10/5/2017,147.46
10/6/2017,147.66
10/9/2017,147.49
10/10/2017,147.6
10/11/2017,148.04
10/12/2017,147.77
10/13/2017,148.34
10/16/2017,148.85
10/17/2017,149.04
10/18/2017,148.86
10/19/2017,148.31
10/20/2017,148.71
10/23/2017,147.74
10/24/2017,147.99
10/25/2017,147.43
10/26/2017,146.96
10/27/2017,151.24
10/30/2017,151.58
10/31/2017,152.15
11/1/2017,152.1
11/2/2017,151.81
11/3/2017,153.27
11/6/2017,153.79
11/7/2017,153.88
11/8/2017,154.5
11/9/2017,153.69
11/10/2017,153.68
11/13/2017,153.87
11/14/2017,153.31
11/15/2017,152.59
11/16/2017,154.54
11/17/2017,153.95
11/20/2017,153.83
11/21/2017,155.5
11/22/2017,155.69
11/24/2017,156.26
11/27/2017,156.19
11/28/2017,156.59
11/29/2017,153.86
11/30/2017,155.15
12/1/2017,154.49
12/4/2017,152.71
12/5/2017,152.81
12/6/2017,153.5
12/7/2017,154.02
12/8/2017,154.7
12/11/2017,155.9
12/12/2017,155.69
12/13/2017,155.99
12/14/2017,155.88
12/15/2017,157.65
12/18/2017,158.64
12/19/2017,157.7
12/20/2017,157.53
12/21/2017,157.55
12/22/2017,157.37
12/26/2017,156.52
12/27/2017,156.54
12/28/2017,156.73
12/29/2017,155.76
1/2/2018,158.49
1/3/2018,160.03
1/4/2018,160.31
1/5/2018,161.92
1/8/2018,162.55
1/9/2018,162.56
1/10/2018,162.18
1/11/2018,163.29
1/12/2018,164.49
1/16/2018,164.02
1/17/2018,165.79
1/18/2018,165.82
1/19/2018,166.34
1/22/2018,168.12
1/23/2018,169.51
1/24/2018,168.41
1/25/2018,168.35
1/26/2018,170.93
1/29/2018,170.1
1/30/2018,168.7
1/31/2018,169.4
2/1/2018,167.96
2/2/2018,164.61
2/5/2018,158.12
2/6/2018,162.31
2/7/2018,160.21
2/8/2018,153.45
2/9/2018,156.1
2/12/2018,158.87
2/13/2018,159.69
2/14/2018,162.68
2/15/2018,165.7
2/16/2018,164.96
2/20/2018,165.29
2/21/2018,164.82
2/22/2018,164.8
2/23/2018,168.17
2/26/2018,170.4
2/27/2018,168.29
2/28/2018,167.21
3/1/2018,164.48
3/2/2018,165.99
3/5/2018,167.83
3/6/2018,168.54
3/7/2018,168.93
3/8/2018,169.86
3/9/2018,173.16
3/12/2018,174.08
3/13/2018,171.71
3/14/2018,171.68
3/15/2018,171.53
3/16/2018,171.02
3/19/2018,167.1
3/20/2018,167.65
3/21/2018,166.92
3/22/2018,162.8
3/23/2018,158.51
3/26/2018,164.4
3/27/2018,159.08
3/28/2018,157.25
3/29/2018,160.13
4/2/2018,155.51
4/3/2018,157.26
4/4/2018,159.74
4/5/2018,160.65
4/6/2018,156.63
4/9/2018,157.73
4/10/2018,161.21
4/11/2018,160.28
4/12/2018,162.21
4/13/2018,161.37
4/16/2018,162.6
4/17/2018,166.1
4/18/2018,166.44
4/19/2018,164.91
4/20/2018,162.3
4/23/2018,161.89
4/24/2018,158.46
4/25/2018,158.65
4/26/2018,161.99
4/27/2018,162.09
4/30/2018,160.94
5/1/2018,162.78
5/2/2018,161.82
5/3/2018,161.8
5/4/2018,164.87
5/7/2018,166.24
5/8/2018,166.07
5/9/2018,167.88
5/10/2018,169.62
5/11/2018,169.46
5/14/2018,169.75
5/15/2018,167.87
5/16/2018,168.98
5/17/2018,168.33
5/18/2018,167.46
5/21/2018,168.4
5/22/2018,168.18
5/23/2018,169.6
5/24/2018,169.55
5/25/2018,169.72
5/29/2018,168.97
5/30/2018,170.18
5/31/2018,170.07
6/1/2018,172.74
6/4/2018,174.3
6/5/2018,174.84
6/6/2018,175.86
6/7/2018,174.43
6/8/2018,174.44
6/11/2018,174.91
6/12/2018,175.83
6/13/2018,175.82
6/14/2018,177.6
6/15/2018,176.98
6/18/2018,176.5
6/19/2018,176
6/20/2018,177.25
6/21/2018,175.71
6/22/2018,175.32
6/25/2018,171.37
6/26/2018,172.07
6/27/2018,169.73
6/28/2018,171.19
6/29/2018,171.65
7/2/2018,172.8
7/3/2018,170.8
7/5/2018,172.92
7/6/2018,175.61
7/9/2018,177.19
7/10/2018,177.32
7/11/2018,176.42
7/12/2018,179.46
7/13/2018,179.61
7/16/2018,179.18
7/17/2018,180.27
7/18/2018,179.93
7/19/2018,179.03
7/20/2018,178.99
7/23/2018,179.56
7/24/2018,180.3
7/25/2018,182.82
7/26/2018,180.05
7/27/2018,177.62
7/30/2018,175.11
7/31/2018,176.45
8/1/2018,177.12
8/2/2018,179.53
8/3/2018,180.08
8/6/2018,181.14
8/7/2018,181.8
8/8/2018,182.02
8/9/2018,181.91
8/10/2018,180.52
8/13/2018,180.32
8/14/2018,181.45
8/15/2018,179.23
8/16/2018,179.82
8/17/2018,179.86
8/20/2018,179.7
8/21/2018,180.36
8/22/2018,181.06
8/23/2018,180.8
8/24/2018,182.48
8/27/2018,184.34
8/28/2018,184.61
8/29/2018,186.74
8/30/2018,186.41
8/31/2018,186.65
9/4/2018,185.85
9/5/2018,183.45
9/6/2018,181.81
9/7/2018,181.11
9/10/2018,181.72
9/11/2018,183.12
9/12/2018,182.58
9/13/2018,184.53
9/14/2018,183.99
9/17/2018,181.34
9/18/2018,182.84
9/19/2018,182.7
9/20/2018,184.72
9/21/2018,183.71
9/24/2018,183.89
9/25/2018,184.14
9/26/2018,184.27
9/27/2018,185.83
9/28/2018,185.79
10/1/2018,186.17
10/2/2018,185.75
10/3/2018,185.95
10/4/2018,182.38
10/5/2018,180.15
10/8/2018,179.05
10/9/2018,179.63
10/10/2018,171.73
10/11/2018,169.6
10/12/2018,174.32
10/15/2018,172.21
10/16/2018,177.22
10/17/2018,177.29
10/18/2018,173.18
10/19/2018,173.02
10/22/2018,173.91
10/23/2018,173.27
10/24/2018,165.34
10/25/2018,171.06
10/26/2018,166.66
10/29/2018,163.23
10/30/2018,165.92
10/31/2018,169.82
11/1/2018,172.06
11/2/2018,169.38
11/5/2018,168.96
11/6/2018,170.24
11/7/2018,175.58
11/8/2018,174.46
11/9/2018,171.52
11/12/2018,166.33
11/13/2018,166.47
11/14/2018,165.2
11/15/2018,168.09
11/16/2018,167.5
11/19/2018,162.06
11/20/2018,159.16
11/21/2018,160.37
11/23/2018,159.21
11/26/2018,162.89
11/27/2018,163.44
11/28/2018,168.7
11/29/2018,168.15
11/30/2018,169.37
12/3/2018,172.33
12/4/2018,165.72
12/6/2018,166.89
12/7/2018,161.38
12/10/2018,163.07
12/11/2018,163.61
12/12/2018,165.05
12/13/2018,165.1
12/14/2018,161.08
12/17/2018,157.43
12/18/2018,158.42
12/19/2018,154.53
12/20/2018,152.29
12/21/2018,147.57
12/24/2018,143.5
12/26/2018,152.46
12/27/2018,153.05
12/28/2018,152.97
12/31/2018,154.26
1/2/2019,154.88
1/3/2019,149.82
1/4/2019,156.23
1/7/2019,158.09
1/8/2019,159.52
1/9/2019,160.82
1/10/2019,161.28
1/11/2019,160.69
1/14/2019,159.27
1/15/2019,162.38
1/16/2019,162.35
1/17/2019,163.63
1/18/2019,165.25
1/22/2019,161.94
1/23/2019,162.15
1/24/2019,163.2
1/25/2019,165.15
1/28/2019,163.11
1/29/2019,161.57
1/30/2019,165.68
1/31/2019,168.16
2/1/2019,167.45
2/4/2019,169.53
2/5/2019,171.03
2/6/2019,170.52
2/7/2019,168.23
2/8/2019,168.56
2/11/2019,168.4
2/12/2019,170.89
2/13/2019,171.01
2/14/2019,171.22
2/15/2019,171.94
2/19/2019,172.28
2/20/2019,172.25
2/21/2019,171.62
2/22/2019,172.89
2/25/2019,173.52
2/26/2019,173.7
2/27/2019,173.59
2/28/2019,173.19
3/1/2019,174.39
3/4/2019,174.42
3/5/2019,174.55
3/6/2019,173.56
3/7/2019,171.43
3/8/2019,171.17
3/11/2019,174.73
3/12/2019,175.69
3/13/2019,177.01
3/14/2019,176.71
3/15/2019,178.35
3/18/2019,178.45
3/19/2019,179.05
3/20/2019,179.76
3/21/2019,182.57
3/22/2019,178.56
3/25/2019,178.22
3/26/2019,179.05
3/27/2019,177.9
3/28/2019,178.31
3/29/2019,179.66
4/1/2019,182.04
4/2/2019,182.73
4/3/2019,183.78
4/4/2019,183.71
4/5/2019,184.66
4/8/2019,185.13
4/9/2019,184.48
4/10/2019,185.47
4/11/2019,185.03
4/12/2019,185.83
4/15/2019,185.86
4/16/2019,186.5
4/17/2019,187.15
4/18/2019,187.39
4/22/2019,187.92
4/23/2019,190.31
4/24/2019,189.71
4/25/2019,190.48
4/26/2019,190.65
4/29/2019,191.02
4/30/2019,189.54
5/1/2019,188.93
5/2/2019,188.11
5/3/2019,191.11
5/6/2019,189.94
5/7/2019,186.24
5/8/2019,185.77
5/9/2019,184.77
5/10/2019,185
5/13/2019,178.58
5/14/2019,180.54
5/15/2019,183.09
5/16/2019,184.93
5/17/2019,183.04
5/20/2019,179.95
5/21/2019,181.83
5/22/2019,181.02
5/23/2019,178.25
5/24/2019,178.16
5/28/2019,177.49
5/29/2019,176.03
5/30/2019,176.77
5/31/2019,173.95
6/3/2019,170.12
6/4/2019,174.91
6/5/2019,176.21
6/6/2019,177.61
6/7/2019,181.04
6/10/2019,183.15
6/11/2019,183.4
6/12/2019,182.34
6/13/2019,183.42
6/14/2019,182.64
6/17/2019,183.74
6/18/2019,186.41
6/19/2019,187.11
6/20/2019,188.85
6/21/2019,188.57
6/24/2019,188.16
6/25/2019,184.93
6/26/2019,185.79
6/27/2019,186.5
6/28/2019,186.74
7/1/2019,189.26
7/2/2019,190.01
7/3/2019,191.44
7/5/2019,191.05
7/8/2019,189.71
7/9/2019,190.66
7/10/2019,192.56
7/11/2019,192.42
7/12/2019,193.53
7/15/2019,194.15
7/16/2019,193.15
7/17/2019,192.2
7/18/2019,192.42
7/19/2019,191.01
7/22/2019,192.53
7/23/2019,193.79
7/24/2019,195.15
7/25/2019,193.3
7/26/2019,195.29
7/29/2019,194.62
7/30/2019,193.78
7/31/2019,191.1
8/1/2019,190.15
8/2/2019,187.35
8/5/2019,180.73
8/6/2019,183.26
8/7/2019,184.25
8/8/2019,188.26
8/9/2019,186.49
8/12/2019,184.35
8/13/2019,188.39
8/14/2019,182.76
8/15/2019,182.55
8/16/2019,185.48
8/19/2019,188.43
8/20/2019,186.97
8/21/2019,188.63
8/22/2019,188.02
8/23/2019,182.07
8/26/2019,184.82
8/27/2019,184.43
8/28/2019,185.09
8/29/2019,187.92
8/30/2019,187.47
9/3/2019,185.65
9/4/2019,188.33
9/5/2019,191.78
9/6/2019,191.59
9/9/2019,191.19
9/10/2019,190.64
9/11/2019,192.43
9/12/2019,193.23
9/13/2019,192.54
9/16/2019,191.68
9/17/2019,192.6
9/18/2019,192.52
9/19/2019,192.84
9/20/2019,190.8
9/23/2019,190.5
9/24/2019,187.97
9/25/2019,190.08
9/26/2019,189.38
9/27/2019,187.03
9/30/2019,188.81
10/1/2019,187.27
10/2/2019,184.05
10/3/2019,186.07
10/4/2019,188.81
10/7/2019,188.24
10/8/2019,185.42
10/9/2019,187.23
10/10/2019,188.68
10/11/2019,191.11
10/14/2019,191.09
10/15/2019,193.52
10/16/2019,193.04
10/17/2019,193.55
10/18/2019,191.69
10/21/2019,193.39
10/22/2019,191.85
10/23/2019,192.22
10/24/2019,194.09
10/25/2019,195.64
10/28/2019,197.57
10/29/2019,196.04
10/30/2019,196.99
10/31/2019,197.08
11/1/2019,198.87
11/4/2019,200.1
11/5/2019,200.21
11/6/2019,199.76
11/7/2019,200.43
11/8/2019,201.23
11/11/2019,200.96
11/12/2019,201.54
11/13/2019,201.59
11/14/2019,201.43
11/15/2019,202.91
11/18/2019,203.07
11/19/2019,203.37
11/20/2019,202.15
11/21/2019,201.7
11/22/2019,201.83
11/25/2019,204.22
11/26/2019,204.61
11/27/2019,206.04
11/29/2019,205.1
12/2/2019,203
12/3/2019,201.41
12/4/2019,202.43
12/5/2019,202.83
12/6/2019,205
12/9/2019,204.07
12/10/2019,203.9
12/11/2019,204.98
12/12/2019,206.51
12/13/2019,207.19
12/16/2019,209.27
12/17/2019,209.39
12/18/2019,209.55
12/19/2019,210.86
12/20/2019,211.71
12/23/2019,211.81
12/24/2019,211.92
12/26/2019,213.79
12/27/2019,213.61
12/30/2019,212.21
12/31/2019,212.61
1/2/2020,216.16
1/3/2020,214.18
1/6/2020,215.56
1/7/2020,215.53
1/8/2020,217.15
1/9/2020,218.99
1/10/2020,218.43
1/13/2020,220.95
1/14/2020,220.08
1/15/2020,220.17
1/16/2020,222.28
1/17/2020,223.38
1/21/2020,223.28
1/22/2020,223.87
1/23/2020,224.59
1/24/2020,222.7
1/27/2020,218.1
1/28/2020,221.45
1/29/2020,221.81
1/30/2020,222.6
1/31/2020,219.07
2/3/2020,222.38
2/4/2020,227.47
2/5/2020,228.22
2/6/2020,230.19
2/7/2020,229.2
2/10/2020,231.97
2/11/2020,232.01
2/12/2020,234.27
2/13/2020,233.97
2/14/2020,234.64
2/18/2020,234.73
2/19/2020,236.98
2/20/2020,234.78
2/21/2020,230.27
2/24/2020,221.39
2/25/2020,215.37
2/26/2020,216.48
2/27/2020,205.64
2/28/2020,205.8
3/2/2020,216.42
3/3/2020,209.48
3/4/2020,218.22
3/5/2020,211.59
3/6/2020,208.02
3/9/2020,193.57
3/10/2020,204.11
3/11/2020,195.22
3/12/2020,177.32
3/13/2020,192.34
3/16/2020,169.3
3/17/2020,182.14
3/18/2020,176.6
3/19/2020,177.66
3/20/2020,170.7
3/23/2020,170.46
3/24/2020,183.66
3/25/2020,182.3
3/26/2020,191.9
3/27/2020,185.3
3/30/2020,192.04
3/31/2020,190.4
4/1/2020,182.31
4/2/2020,186.01
4/3/2020,183.37
4/6/2020,196.48
4/7/2020,196.4
4/8/2020,200.57
4/9/2020,200.86
4/13/2020,203.03
4/14/2020,211.86
4/15/2020,209.43
4/16/2020,213.25
4/17/2020,215.29
4/20/2020,212.74
4/21/2020,204.89
4/22/2020,210.97
4/23/2020,210.52
4/24/2020,213.84
4/27/2020,215.56
4/28/2020,211.5
4/29/2020,219
4/30/2020,218.91
5/1/2020,212.74
5/4/2020,215.22
5/5/2020,217.66
5/6/2020,219
5/7/2020,221.82
5/8/2020,224.86
5/11/2020,226.87
5/12/2020,222.12
5/13/2020,219.34
5/14/2020,221.83
5/15/2020,223.27
5/18/2020,227.43
5/19/2020,226.86
5/20/2020,231.39
5/21/2020,228.87
5/22/2020,229.66
5/26/2020,229.04
5/27/2020,230.29
5/28/2020,229.99
5/29/2020,233.36
6/1/2020,234.06
6/2/2020,235.63
6/3/2020,236.69
6/4/2020,235.03
6/5/2020,239.69
6/8/2020,241.55
6/9/2020,243.3
6/10/2020,246.22
6/11/2020,234.02
6/12/2020,235.88
6/15/2020,238.75
6/16/2020,242.85
6/17/2020,243.62
6/18/2020,244.28
6/19/2020,244.24
6/22/2020,246.74
6/23/2020,248.84
6/24/2020,243.71
6/25/2020,246.03
6/26/2020,240.22
6/29/2020,242.84
6/30/2020,247.6
7/1/2020,250.49
7/2/2020,252.19
7/6/2020,258.39
7/7/2020,256.61
7/8/2020,259.99
7/9/2020,262.18
7/10/2020,263.97
7/13/2020,258.54
7/14/2020,260.37
7/15/2020,260.9
7/16/2020,259.12
7/17/2020,259.42
7/20/2020,266.78
7/21/2020,264
7/22/2020,264.93
7/23/2020,258.01
7/24/2020,255.56
7/27/2020,260.12
7/28/2020,256.81
7/29/2020,259.77
7/30/2020,261.13
7/31/2020,265.79
8/3/2020,269.38
8/4/2020,270.38
8/5/2020,271.05
8/6/2020,274.64
8/7/2020,271.47
8/10/2020,270.31
8/11/2020,265.19
8/12/2020,271.86
8/13/2020,272.48
8/14/2020,272.16
8/17/2020,275.32
8/18/2020,277.97
8/19/2020,276.1
8/20/2020,279.93
8/21/2020,281.87
8/24/2020,283.63
8/25/2020,285.86
8/26/2020,291.96
8/27/2020,291.05
8/28/2020,292.53
8/31/2020,294.88
9/1/2020,299.92
9/2/2020,302.76
9/3/2020,287.41
9/4/2020,283.58
9/8/2020,269.95
9/9/2020,277.88
9/10/2020,272.34
9/11/2020,270.45
9/14/2020,275.16
9/15/2020,279.06
9/16/2020,274.61
9/17/2020,270.32
9/18/2020,266.87
9/21/2020,267.51
9/22/2020,272.48
9/23/2020,264.16
9/24/2020,265.39
9/25/2020,271.56
9/28/2020,277.2
9/29/2020,275.95
9/30/2020,277.84
10/1/2020,282.25
10/2/2020,274.31
10/5/2020,280.16
10/6/2020,275.16
10/7/2020,279.92
10/8/2020,281.41
10/9/2020,285.71
10/12/2020,294.53
10/13/2020,294.52
10/14/2020,292.06
10/15/2020,290.1
10/16/2020,288.51
10/19/2020,283.8
10/20/2020,284.41
10/21/2020,284.19
10/22/2020,284.18
10/23/2020,284.74
10/26/2020,280.47
10/27/2020,282.66
10/28/2020,271.64
10/29/2020,276.39
10/30/2020,269.38
11/2/2020,269.98
11/3/2020,274.65
11/4/2020,286.91
11/5/2020,294.39
11/6/2020,294.61
11/9/2020,288.59
11/10/2020,283.42
11/11/2020,289.76
11/12/2020,288.4
11/13/2020,290.93
11/16/2020,293.2
11/17/2020,292.27
11/18/2020,290.11
11/19/2020,292.38
11/20/2020,290.38
11/23/2020,290.39
11/24/2020,294.47
11/25/2020,296.28
11/27/2020,299.01
11/30/2020,299.62
12/1/2020,303.46
12/2/2020,303.85
12/3/2020,304.28
12/4/2020,305.52
12/7/2020,307.25
12/8/2020,308.29
12/9/2020,301.31
12/10/2020,302.52
12/11/2020,301.85
12/14/2020,304.04
12/15/2020,307.29
12/16/2020,308.98
12/17/2020,311
12/18/2020,310.06
12/21/2020,308.92
12/22/2020,309.76
12/23/2020,308.2
12/24/2020,309.56
12/28/2020,312.68
12/29/2020,312.96
12/30/2020,312.97
12/31/2020,313.74
1/4/2021,309.31
1/5/2021,311.86
1/6/2021,307.54
1/7/2021,314.98
1/8/2021,319.03
1/11/2021,314.42
1/12/2021,313.92
1/13/2021,316.04
1/14/2021,314.35
1/15/2021,311.86
1/19/2021,316.41
1/20/2021,323.77
1/21/2021,326.36
1/22/2021,325.42
1/25/2021,328.11
1/26/2021,328.59
1/27/2021,319.43
1/28/2021,321.32
1/29/2021,314.56
2/1/2021,322.42
2/2/2021,327.68
2/3/2021,326.38
2/4/2021,330.24
2/5/2021,331.36
2/8/2021,333.58
2/9/2021,333.51
2/10/2021,332.75
2/11/2021,334.58
2/12/2021,336.45
2/16/2021,335.54
2/17/2021,333.93
2/18/2021,332.47
2/19/2021,331.02
2/22/2021,322.44
2/23/2021,321.48
2/24/2021,324.13
2/25/2021,312.83
2/26/2021,314.14
3/1/2021,323.59
3/2/2021,318.4
3/3/2021,309.16
3/4/2021,304.1
3/5/2021,308.68
3/8/2021,299.94
3/9/2021,311.77
3/10/2021,310.88
3/11/2021,318.04
3/12/2021,315.46
3/15/2021,318.83
3/16/2021,320.58
3/17/2021,321.9
3/18/2021,312.04
3/19/2021,313.14
3/22/2021,318.61
3/23/2021,317.22
3/24/2021,311.87
3/25/2021,311.33
3/26/2021,316
3/29/2021,315.91
3/30/2021,314.32
3/31/2021,319.13
4/1/2021,324.57
4/5/2021,331.05
4/6/2021,330.82
4/7/2021,331.62
4/8/2021,335.08
4/9/2021,337.11
4/12/2021,336.67
4/13/2021,340.6
4/14/2021,336.51
4/15/2021,341.61
4/16/2021,342.01
4/19/2021,338.88
4/20/2021,336.41
4/21/2021,339.29
4/22/2021,335.2
4/23/2021,339.42
4/26/2021,341.63
4/27/2021,340.15
4/28/2021,339
4/29/2021,340.22
4/30/2021,337.99
5/3/2021,336.19
5/4/2021,330.14
5/5/2021,329.03
5/6/2021,331.51
5/7/2021,334.2
5/10/2021,325.76
5/11/2021,325.31
5/12/2021,316.89
5/13/2021,319.34
5/14/2021,326.39
5/17/2021,324.41
5/18/2021,322.22
5/19/2021,322.59
5/20/2021,328.83
5/21/2021,327.01
5/24/2021,332.51
5/25/2021,332.97
5/26/2021,334.13
5/27/2021,332.88
5/28/2021,333.93
6/1/2021,332.82
6/2/2021,333.47
6/3/2021,330
6/4/2021,335.6
6/7/2021,336.6
6/8/2021,336.76
6/9/2021,336.84
6/10/2021,340.35
6/11/2021,341.24
6/14/2021,344.51
6/15/2021,342.26
6/16/2021,341.01
6/17/2021,345.34
6/18/2021,342.63
6/21/2021,344.36
6/22/2021,347.57
6/23/2021,347.74
6/24/2021,349.89
6/25/2021,349.46
6/28/2021,353.71
6/29/2021,354.99
6/30/2021,354.43
7/1/2021,354.57
7/2/2021,358.64
7/6/2021,360.19
7/7/2021,360.95
7/8/2021,358.77
7/9/2021,361.01
7/12/2021,362.42
7/13/2021,362.42
7/14/2021,363.07
7/15/2021,360.52
7/16/2021,357.6
7/19/2021,354.67
7/20/2021,358.79
7/21/2021,361.56
7/22/2021,363.95
7/23/2021,368.2
7/26/2021,368.49
7/27/2021,364.43
7/28/2021,365.83
7/29/2021,366.48
7/30/2021,364.57
8/2/2021,364.6
8/3/2021,366.81
8/4/2021,367.34
8/5/2021,369.67
8/6/2021,368.05
8/9/2021,368.73
8/10/2021,366.84
8/11/2021,366.21
8/12/2021,367.53
8/13/2021,368.82
8/16/2021,368.98
8/17/2021,365.73
8/18/2021,362.21
8/19/2021,363.96
8/20/2021,367.73
8/23/2021,373.23
8/24/2021,374.37
8/25/2021,374.8
8/26/2021,372.42
8/27/2021,376.04
8/30/2021,380.26
8/31/2021,379.95
9/1/2021,380.58
9/2/2021,380.4
9/3/2021,381.57
9/7/2021,382.11
9/8/2021,380.78
9/9/2021,379.47
9/10/2021,376.59
9/13/2021,376.33
9/14/2021,375.26
9/15/2021,378.05
9/16/2021,378.31
9/17/2021,373.83
9/20/2021,365.7
9/21/2021,366.15
9/22/2021,369.57
9/23/2021,372.98
9/24/2021,373.33
9/27/2021,370.35
9/28/2021,359.87
9/29/2021,359.28
9/30/2021,357.96
10/1/2021,360.18
10/4/2021,352.62
10/5/2021,357.38
10/6/2021,359.67
10/7/2021,362.97
10/8/2021,361.16
10/11/2021,358.39
10/12/2021,357.14
10/13/2021,360
10/14/2021,366.63
10/15/2021,368.94
10/18/2021,372.65
10/19/2021,375.47
10/20/2021,374.98
10/21/2021,377.27
10/22/2021,374.1
10/25/2021,377.93
10/26/2021,379.12
10/27/2021,380
10/28/2021,384.22
10/29/2021,386.11
11/1/2021,387.43
11/2/2021,389.05
11/3/2021,393.18
11/4/2021,398.22
11/5/2021,398.6
11/8/2021,398.06
11/9/2021,395.32
11/10/2021,389.51
11/11/2021,390.59
11/12/2021,394.7
11/15/2021,394.61
11/16/2021,397.42
11/17/2021,397.63
11/18/2021,401.75
11/19/2021,403.99
11/22/2021,399.3
11/23/2021,397.48
11/24/2021,398.76
11/26/2021,391.2
11/29/2021,399.69
11/30/2021,393.82
12/1/2021,387.12
12/2/2021,389.91
12/3/2021,383.13
12/6/2021,386.2
12/7/2021,397.83
12/8/2021,399.61
12/9/2021,393.73
12/10/2021,398.01
12/13/2021,392.26
12/14/2021,388.2
12/15/2021,397.05
12/16/2021,386.84
12/17/2021,384.91
12/20/2021,380.69
12/21/2021,389.21
12/22/2021,393.95
12/23/2021,396.92
12/27/2021,403.48
12/28/2021,401.61
12/29/2021,401.55
12/30/2021,400.35
12/31/2021,397.85
